﻿pos_x,pos_y,rotation,side,designator,mpn,pack,footprint,value,mount_type,place
170.5,-87.5,0.0,top,C1,C0603C104K5RAC9109,,C_0603_1608Metric,100n,smt,True
170.5,-90.5,0.0,top,C2,C0603C104K5RAC9109,,C_0603_1608Metric,100n,smt,True
179.49,-117.0,0.0,top,C3,C1206C106K8RAC,,C_1206_3216Metric,10u,smt,True
170.5,-94.0,0.0,top,C4,C0603C104K5RAC9109,,C_0603_1608Metric,100n,smt,True
178.0,-91.5,0.0,top,C5,C0805C225K8PACTU,,C_0805_2012Metric,2.2u,smt,True
180.05,-113.0,0.0,top,C6,C0805C225K8PACTU,,C_0805_2012Metric,2.2u,smt,True
180.0,-100.0,0.0,top,D1,599-0480-127F,,LED_1206_3216Metric,LED,smt,True
180.0,-104.0,0.0,top,D2,599-0410-127F,,LED_1206_3216Metric,LED,smt,True
160.5,-87.5,180.0,top,J1,S3B-PH-K-S-GW,,JST_PH_S3B-PH-K_1x03_P2.00mm_Horizontal,Conn_01x03_Pin,tht,True
174.5,-95.0,0.0,top,Q1,UMH3NTN ,,SOT-363_SC-70-6,UMH3N,smt,True
147.0,-91.5,0.0,top,R1,ERA-3AEB331V,,R_0603_1608Metric,330,smt,True
179.0,-95.5,90.0,top,R2,ESR03EZPF1000,,R_0603_1608Metric,100,smt,True
181.0,-95.5,90.0,top,R3,ESR03EZPF1000,,R_0603_1608Metric,100,smt,True
167.0,-90.5,0.0,top,R4,CMP0603AFX-1002ELF,,R_0603_1608Metric,10K,smt,True
167.0,-94.0,180.0,top,R5,CMP0603AFX-1002ELF,,R_0603_1608Metric,10K,smt,True
171.9,-103.225,0.0,top,U1,FT232RNL-REEL,,SSOP-28_5.3x10.2mm_P0.65mm,FT232RNL,smt,True
154.4,-107.0,180.0,top,U2,SBC-ESP8266-12F,,ESP-12E,ESP-12F,smt,True
177.92,-86.5,0.0,top,U3,LM1117MP-3.3/NOPB,,SOT-223-3_TabPin2,LM1117MP-3.3,smt,True
171.68,-117.325,0.0,top,USB1,USB4105-GF-A,,USB_C_Receptacle_GCT_USB4105-xx-A_16P_TopMnt_Horizontal,USB4105-GF-A,smt,True
