﻿Designator,Quantity,Value,Footprint,Package,MPN,DNP,Mount_Type,Description
"C1, C2, C4",3,100n,C_0603_1608Metric,,C0603C104K5RAC9109,,smt,
C3,1,10u,C_1206_3216Metric,,C1206C106K8RAC,,smt,
"C5, C6",2,2.2u,C_0805_2012Metric,,C0805C225K8PACTU,,smt,"Unpolarized capacitor, small symbol"
D1,1,LED,LED_1206_3216Metric,,599-0480-127F,,smt,Green
D2,1,LED,LED_1206_3216Metric,,599-0410-127F,,smt,red
J1,1,Conn_01x03_Pin,JST_PH_S3B-PH-K_1x03_P2.00mm_Horizontal,,S3B-PH-K-S-GW,,tht,"Generic connector, single row, 01x03, script generated"
Q1,1,UMH3N,SOT-363_SC-70-6,,UMH3NTN ,,smt,"0.1A Ic, 50V Vce, Dual NPN Input Resistor Transistors, SOT-363"
R1,1,330,R_0603_1608Metric,,ERA-3AEB331V,,smt,Resistor
"R2, R3",2,100,R_0603_1608Metric,,ESR03EZPF1000,,smt,
"R4, R5",2,10K,R_0603_1608Metric,,CMP0603AFX-1002ELF,,smt,Resistor
U1,1,FT232RNL,SSOP-28_5.3x10.2mm_P0.65mm,,FT232RNL-REEL,,smt,
U2,1,ESP-12F,ESP-12E,,SBC-ESP8266-12F,,smt,
U3,1,LM1117MP-3.3,SOT-223-3_TabPin2,,LM1117MP-3.3/NOPB,,smt,"800mA Low-Dropout Linear Regulator, 3.3V fixed output, SOT-223"
USB1,1,USB4105-GF-A,USB_C_Receptacle_GCT_USB4105-xx-A_16P_TopMnt_Horizontal,,USB4105-GF-A,,smt,USB 2.0-only 14P Type-C Receptacle connector
